Model,R²,Adj. R²,Test R²,AIC,BIC,Num. Features,F-statistic,F p-value
Model 1: Distal Only,0.0689250963458723,0.02942494891812142,-0.06120018879253286,841.9515490664204,867.1778818224026,7,1.7449326353007213,0.10187391371932078
Model 2: Distal + Intermediate,0.10824703672574743,0.02923095137233267,0.03279364633093973,848.4864984025031,895.7858723199698,14,1.369936719107149,0.17365859049607552
Model 3: Full Model,0.3291522144436051,0.23076120589533378,0.3193968644648859,815.2425876189286,887.7682942923775,22,3.345348516090482,6.251195405565236e-06
