{
  "r_squared": 0.3291522144436051,
  "r_squared_adj": 0.23076120589533378,
  "f_statistic": 3.345348516090482,
  "f_pvalue": 6.251195405565236e-06,
  "aic": 815.2425876189286,
  "bic": 887.7682942923775,
  "n_obs": 173,
  "df_model": 22,
  "df_resid": 150
}